customer_id,prediction,prediction_prob_1
4531-AUZNK,0,0.2133390413388375
2296-DKZFP,0,0.13198043440296114
9692-TUSXH,0,0.48059077841931597
5129-JLPIS,0,0.44820236818164083
1273-MTETI,1,0.7033884404993563
8757-TFHHJ,1,0.5821092588358169
1322-AGOQM,0,0.13698654090017226
0743-HRVFF,0,0.09770465179296758
0943-ZQPXH,0,0.28883046396350065
3932-CMDTD,1,0.6253897656269743
6892-BOGQE,0,0.01072989566191765
0224-HJAPT,0,0.4155797982317193
2439-LYPMQ,0,0.467800231255314
7924-GJZFI,0,0.26062345051060015
0823-HSCDJ,0,0.15214524087889722
4826-TZEVA,0,0.2707998803967396
5151-HQRDG,0,0.13110109648090143
6734-GMPVK,1,0.6609613502673943
3951-NJCVI,0,0.4685219930509485
0733-VUNUW,0,0.14324112736968503
3571-DPYUH,0,0.11219234070946169
9824-QCJPK,0,0.022623631208057292
7876-DNYAP,0,0.011351171091364807
3890-RTCMS,0,0.21810472849811538
7594-RQHXR,1,0.8054346720389318
3229-USWAR,0,0.21316202408143237
5995-LFTLE,0,0.04139033125837956
1456-TWCGB,0,0.4793636241239659
1552-TKMXS,0,0.0231788435336132
3276-HDUEG,1,0.778289132295397
0302-JOIVN,1,0.7058975447233945
2830-LEWOA,0,0.16264811500606438
5649-TJHOV,0,0.2798278383418131
5886-VLQVU,0,0.20529433168532063
1395-WSWXR,0,0.030581483033953312
6518-LGAOV,0,0.3791412120394405
4514-GFCFI,0,0.4667297224744793
1635-FJFCC,0,0.3860549200524974
7611-YKYTC,0,0.2998471677882008
5829-NVSQN,0,0.10424354407295576
0394-YONDK,0,0.02130511496802907
0991-BRRFB,0,0.15432395277030309
5980-BDHPY,0,0.012778953152597616
8249-THVEC,0,0.04604581181162419
5039-LZRQT,0,0.06747963353382427
9115-YQHGA,0,0.0982479442391793
8174-LNWMW,0,0.02780772824932925
5038-ETMLM,0,0.048865868354005464
6815-ABQFQ,0,0.19582141043991869
8086-OVPWV,1,0.6728409361570314
5451-MHQOF,0,0.03542783490950261
1991-VOPLL,0,0.09956399853193842
6725-TPKJO,0,0.020279244472514855
8879-ZKJOF,0,0.21966342269768763
3597-YASZG,0,0.10325268366550658
2969-WGHQO,0,0.428741429306167
8006-PYCSW,0,0.23093163492278898
3347-YJZZE,0,0.31079116476177293
1696-MZVAU,0,0.047985049693524386
5931-FLJJF,0,0.44861341217967515
3440-JPSCL,1,0.6436192029229656
7923-IYJWY,0,0.14960456293689936
8718-PTMEZ,0,0.2515352638058454
0067-DKWBL,1,0.6166609001017598
6625-IUTTT,0,0.05980704422044929
8637-XJIVR,0,0.45612591055654755
2509-TFPJU,0,0.020993685016137357
0464-WJTKO,0,0.011055654984410097
8292-FRFZQ,0,0.08992690494893235
6844-DZKRF,0,0.3834066360247022
3249-ZPQRG,1,0.5782381094988414
7580-UGXNC,1,0.6147990559241905
3050-RLLXC,0,0.043862652049104243
0581-BXBUB,1,0.5966212523197663
8552-OBVRU,0,0.33462382566093696
2388-LAESQ,0,0.04217594625335723
4488-PSYCG,0,0.059407950367003165
9436-ZBZCT,0,0.4680263429276866
2074-GKOWZ,1,0.6718940841202972
9753-OYLBX,0,0.3707348316711289
3055-MJDSB,0,0.17263183715566435
5781-RFZRP,0,0.023329724130039517
9761-XUJWD,0,0.307691828517568
0118-JPNOY,0,0.43473272116185213
8874-EJNSR,0,0.047985049693524386
2867-UIMSS,1,0.7993702376737276
9975-GPKZU,0,0.026671385692578178
6100-QQHEB,0,0.4501777605134181
2896-TBNBE,0,0.2828130374841607
7359-WWYJV,0,0.048865868354005464
6646-JPPHA,1,0.5354268995597619
5550-VFRLC,1,0.8702457614661211
2202-CUYXZ,1,0.8018699793723201
8035-PWSEV,1,0.5408734692616393
3703-KBKZP,0,0.47377106480142644
5599-HVLTW,1,0.6233727997134385
5382-TEMLV,0,0.10365557165762349
6339-TBELP,0,0.018437942800764922
7207-RMRDB,0,0.21513965634437018
2469-DTSGX,0,0.043890499287435256
3704-IEAXF,0,0.035744770575158326
6368-TZZDT,0,0.1286261036388071
7129-AZJDE,0,0.28192103582915407
6407-GSJNL,0,0.03080380587994581
9150-HEPMB,0,0.08713397663423889
1506-YJTYT,0,0.11877514364534768
7134-HBPBS,0,0.040586521556769554
3635-QQRQD,0,0.012815534460084554
6549-NNDYT,0,0.2515352638058454
9796-BPKIW,0,0.47519083120809386
8069-YQQAJ,0,0.2505179764502077
8242-SOQUO,1,0.6909185304985374
3308-DGHKL,0,0.025716147684387396
8740-CRYFY,1,0.7971389502712019
8109-YUOHE,0,0.17649676716651982
3976-NLDEZ,0,0.4052435302253994
6248-BSHKG,0,0.018485754780281683
3970-XGJDU,0,0.028467472525772138
0634-SZPQA,0,0.36451660095829147
2589-AYCRP,0,0.026631801328402028
3800-LYTRK,0,0.21225662180635776
6563-VRERX,0,0.021831782574610662
9938-ZREHM,0,0.14834149049008297
2220-IAHLS,0,0.32141046676764135
8979-CAMGB,0,0.13584340584516189
0270-THENM,0,0.014922930567511776
9611-CTWIH,1,0.6114032611185993
8885-QSQBX,1,0.5950698297003183
9030-QGZNL,0,0.0785411474789937
2810-FTLEM,0,0.19829531895016014
6350-XFYGW,1,0.7635192545423501
6993-YGFJV,0,0.12653506058602473
4097-YODCF,0,0.3729459062502982
0376-OIWME,0,0.3189181994842937
5022-JNQEQ,0,0.3156475994295445
5515-AKOAJ,0,0.2552211406352941
6956-SMUCM,1,0.6699890043233122
5103-MHMHY,1,0.6017663714326112
9391-DXGGG,0,0.38200518566406105
7519-JTWQH,0,0.12904765234431367
6131-FOYAS,0,0.11145959896751588
9681-OXGVC,1,0.7025612600394741
1977-STDKI,1,0.8275945844775865
7302-ZHMHP,0,0.2870503919323633
0661-XEYAN,1,0.6482663827216334
6007-TCTST,0,0.050039486706455936
1682-VCOIO,0,0.030581483033953312
2454-RPBRZ,1,0.7016517369655416
8710-YGLWG,1,0.5770846232220561
0742-LAFQK,0,0.10034178755128524
7064-JHXCE,0,0.012815534460084554
8242-JSVBO,0,0.28073544685699825
1471-GIQKQ,1,0.5821092588358169
6778-EICRF,0,0.29638735633325636
1360-XFJMR,0,0.18414506058836114
5702-KVQRD,0,0.017719490262725745
7602-MVRMB,0,0.05636346389329074
0236-HFWSV,1,0.5447412039873337
0880-FVFWF,0,0.17628264926132264
9052-DHNKM,0,0.11300454467601927
6121-TNHBO,0,0.06468592120799097
4693-VWVBO,0,0.19624640900540566
1565-RHDJD,1,0.6131316772111703
0696-UKTOX,0,0.11799493515233536
8267-KFGYD,0,0.4579474379241539
2632-TACXW,0,0.01705775240597019
1744-JHKYS,0,0.029946905627371633
0578-SKVMF,0,0.33160856963680563
0670-KDOMA,0,0.3863279370332154
8065-BVEPF,0,0.2072461344263338
3301-VKTGC,0,0.08855150773115165
7660-HDPJV,1,0.7576281634997777
2843-CQMEG,0,0.13162983262961522
6870-ZWMNX,0,0.026538146516666323
1403-LKLIK,0,0.022471632908737566
2446-BEGGB,1,0.7575530615081415
6164-HAQTX,0,0.03697755666207438
3387-VATUS,1,0.6796870597642833
3407-JMJQQ,0,0.11258872060612575
3580-HYCSP,0,0.10440849954275624
5453-AXEPF,0,0.3715176239637396
4132-KALRO,1,0.6512162408834007
6506-EYCNH,0,0.038025013915768076
6400-BWQKW,1,0.5548849582151452
6916-HIJSE,0,0.04070667693394383
5186-PEIZU,0,0.03155327101549428
6048-NJXHX,0,0.03170581682810822
6134-KWTBV,0,0.01705775240597019
6289-CPNLD,0,0.16793590674031866
5312-UXESG,0,0.3611961912608166
2514-GINMM,1,0.8038810635972511
2580-ASVVY,0,0.08642606421095804
6416-JNVRK,0,0.11511909993869249
3739-YBWAB,0,0.10690059656419
6917-YACBP,0,0.21657803578570875
8614-VGMMV,0,0.2219462443958327
5181-OABFK,0,0.09730292452078931
2977-CEBSX,0,0.0547392989028296
1624-NALOJ,1,0.6854101903110299
5495-GPSRW,0,0.049128635139738905
6303-KFWSL,0,0.13759245527525255
5624-BQSSA,0,0.45078958378452405
6681-ZSEXG,0,0.09780809810583597
9185-TQCVP,1,0.532420775553147
8272-ONJLV,1,0.6334474911889163
3398-ZOUAA,0,0.24929421325198986
9140-CZQZZ,0,0.03155056821595871
6418-PIQSP,0,0.03603321658682715
9637-EIHEQ,0,0.3730679104598719
9953-ZMKSM,0,0.02177019745041862
9830-ECLEN,0,0.07974331790907889
9058-CBREO,1,0.680548447826386
5321-NTRKC,0,0.15005044414254298
4654-DLAMQ,0,0.1893295919154082
4673-KKSLS,0,0.2149370737568324
1031-IIDEO,1,0.7765909432571361
3512-IZIKN,0,0.02314959360353053
4439-JMPMT,1,0.6052795723788552
0027-KWYKW,0,0.32778495389929296
4291-YZODP,0,0.08967753546387217
0212-ISBBF,0,0.14711455852367694
3014-WJKSM,0,0.29460322663353233
0411-EZJZE,0,0.43338035472197783
6698-OXETB,0,0.06900485939234866
0193-ESZXP,0,0.18134822800937334
6202-JVYEU,0,0.07629107504239595
1848-LBZHY,0,0.25432916173016845
8161-QYMTT,1,0.6781814188763461
0454-OKRCT,0,0.2053672810519775
1215-EXRMO,0,0.01717134653710959
0931-MHTEM,0,0.3181822047734774
5985-BEHZK,0,0.15876432661108245
9921-EZKBY,0,0.3472713193551116
4878-BUNFV,0,0.022738230506793276
4811-JBUVU,0,0.2060642306942053
5673-FSSMF,1,0.5397129360476486
4301-VVZKA,0,0.36333337722702863
4828-FAZPK,0,0.39217187958113686
6000-UKLWI,0,0.023072246011285342
7395-XWZOY,0,0.16792001111624102
6380-ARCEH,0,0.4004878527735837
3729-OWRVL,0,0.14768370359717384
2856-HYAPG,1,0.7219728057667727
7856-GANIL,0,0.32467262807154035
4459-BBGHE,0,0.0958433762424284
9661-JALZV,0,0.030699396701082383
7753-USQYQ,0,0.1014129691182422
1015-JPFYW,0,0.08371406578337381
7665-NKLAV,0,0.08369681551994836
9053-EJUNL,0,0.3066034550570307
5117-ZSMHQ,0,0.017825106361841526
0117-LFRMW,0,0.09754940612692162
9389-ACWBI,1,0.5486088776152199
6946-LMSQS,0,0.4639937786559302
1725-MIMXW,0,0.3375772179027112
3996-ZNWYK,0,0.022419358374804042
0899-WZRSD,0,0.19622970928416464
8815-LMFLX,0,0.07879388634048172
0699-NDKJM,0,0.0890696544366647
2424-WVHPL,1,0.5725354998958023
6797-LNAQX,0,0.11342054484492788
2043-WVTQJ,1,0.5971325243241639
4057-FKCZK,0,0.15514819223718881
8512-WIWYV,0,0.022272395601430583
5135-GRQJV,0,0.044073756472335336
5597-GLBUC,1,0.8018699793723201
7997-EASSD,0,0.03273520274420488
4785-FCIFB,0,0.020675124270744857
1755-FZQEC,0,0.02605031414867717
5364-XYIRR,0,0.30072962675932985
7572-KPVKK,0,0.1546568642658646
5115-SQAAU,0,0.01841491225848925
6147-CBCRA,0,0.022623631208057292
3692-JHONH,0,0.3819351435844292
1088-CNNKB,0,0.03897976796159619
3810-DVDQQ,0,0.060231962593642684
7831-QGOXH,0,0.38721998697179993
3474-BAFSJ,0,0.054360668697022725
3842-IYKUE,0,0.21748856377925915
8519-QJGJD,0,0.45760638605005255
9747-DDZOS,1,0.7770439333976263
4106-HADHQ,0,0.2284307551822422
0017-IUDMW,0,0.05422082354436804
4763-PGDPO,1,0.5529000514584332
8751-EDEKA,0,0.34687207249245333
3104-OWCGK,0,0.15884738780224134
3148-BLQJT,0,0.39586995672978903
2815-CPTUL,1,0.5558355788356283
5073-WXOYN,0,0.06187501339875893
4760-THGOT,0,0.33521436258055387
2724-FJDYW,0,0.11549933366903968
7639-OPLNG,0,0.022141771946822545
3298-QEICA,0,0.12109853861187987
9362-MWODR,0,0.10636602035874061
7446-SFAOA,0,0.023282573357050793
4737-AQCPU,0,0.018491266175182073
9522-ZSINC,0,0.0698879916475735
3745-HRPHI,0,0.045665858685697176
2669-QVCRG,0,0.2817909792813998
0980-FEXWF,0,0.11145861309282193
6701-YVNQG,0,0.012654729550113144
1177-XZBJL,0,0.09145764674559625
7771-CFQRQ,0,0.07842964577372585
2252-JHJGE,0,0.24134669340987633
0661-KBKPA,0,0.08128688447193819
8851-RAGOV,0,0.14432324538200716
6979-TNDEU,0,0.09611342580832362
2072-ZVJJX,0,0.019646891932705378
1222-KJNZD,0,0.023377649970621882
9372-TXXPS,0,0.02568541191321261
5982-PSMKW,0,0.24696920765158328
2495-KZNFB,0,0.31920582864346836
0207-MDKNV,1,0.5321564761947026
1346-PJWTK,0,0.11459665906358475
3758-CKOQL,0,0.18145952417257827
6959-GQEGV,0,0.24640103322329324
2604-IJPDU,0,0.40151106935617575
6174-NRBTZ,0,0.1510091625653528
6323-AYBRX,0,0.034026863869866586
0048-PIHNL,0,0.01717134653710959
7811-JIVPF,0,0.13162983262961522
7729-JTEEC,1,0.5782473955929494
5846-ABOBJ,0,0.015687908068375896
9221-OTIVJ,1,0.6465355421243789
2889-FPWRM,0,0.060231962593642684
7945-HLKEA,0,0.021513443697217447
9367-TCUYN,0,0.06722534561016369
2277-BKJKN,0,0.1470807074586448
7633-MVPUY,0,0.05077446282890196
4315-MURBD,1,0.631370624479226
0734-OXWBT,0,0.36658314122294805
8714-EUHJO,0,0.30661958608836115
0818-OCPZO,0,0.3917686888277212
0021-IKXGC,1,0.8150242659072678
8383-SGHJU,0,0.10413847552449466
6347-DCUIK,1,0.5139571429803839
1976-CFOCS,1,0.6503044211961062
4854-CIDCF,1,0.6800008267092358
9127-QRZMH,0,0.09788536587734181
1196-AMORA,1,0.5176390811556193
6713-OKOMC,0,0.29276432865162705
9820-RMCQV,0,0.24657967617270654
5902-WBLSE,0,0.010226050807008969
7563-BIUPC,1,0.6140163755003014
7683-CBDKJ,0,0.19753905445405548
6522-OIQSX,0,0.07359225435698487
0388-EOPEX,1,0.6625967322839851
7921-BEPCI,0,0.06677273347455887
8859-DZTGQ,0,0.022272395601430583
3683-QKIUE,0,0.246396523558956
2144-ESWKO,0,0.10702763703920326
5057-RKGLH,0,0.07454727734720086
2692-PFYTJ,1,0.524136740692152
3021-VLNRJ,0,0.07361653009362237
1045-LTCYT,0,0.12829712143386382
7401-JIXNM,0,0.08566457944890164
2657-VPXTA,1,0.5964519994248353
5022-KVDQT,0,0.30995180859497073
2305-MRGLV,0,0.15780268599902625
3865-YIOTT,0,0.12615728441915242
9577-WJVCQ,0,0.07673730244193712
3847-BAERP,0,0.09420985216010631
4032-RMHCI,0,0.10496949300229681
7658-UYUQS,0,0.42791750312205
9274-UARKJ,0,0.48292574297461643
0847-HGRML,0,0.012815534460084554
6078-VESFR,0,0.491541385315068
4223-WOZCM,1,0.622286562511891
0942-KOWSM,0,0.20613718006086215
7789-HKSBS,0,0.4718803268579783
9432-RUVSL,0,0.32471980638814574
3644-QXEHN,1,0.6537872392828892
4683-WYDOU,0,0.15228858548470842
0925-VYDLG,1,0.5867487770152584
2960-NKRSO,0,0.21427267273007583
2639-UGMAZ,0,0.10279929278678407
2898-LSJGD,0,0.1571135080632521
2884-GBPFB,0,0.268149661261364
4659-NZRUF,0,0.46045547332702425
0867-LDTTC,0,0.4306805902749867
7781-EWARA,0,0.027052571063040695
4822-RVYBB,1,0.7705862052771364
9800-OUIGR,0,0.014767361702609474
3533-UVMOM,0,0.08351438109306514
8457-XIGKN,0,0.049128635139738905
2990-OGYTD,0,0.041611968310888654
5203-XEHAX,0,0.1080972003657397
8295-KMENE,0,0.040248486900811065
8720-RQSBJ,1,0.6620833295602823
9799-CAYJJ,1,0.699159144807387
3717-OFRTN,0,0.3756823235466533
2868-MZAGQ,1,0.8015000078976471
8606-OEGQZ,0,0.1004356580154381
9065-ZCPQX,0,0.01633219100105977
4587-NUKOX,1,0.5976184363340711
8985-OOPOS,0,0.4143787623754153
7636-OWBPG,0,0.27719191118860753
5825-XJOCM,0,0.10182886948672328
4183-WCSEP,0,0.16318493998499065
5275-PMFUT,0,0.01752088266534773
1751-NCDLI,0,0.4506960823370775
6693-DJWTY,0,0.11998799403670406
4002-BQWPQ,0,0.19424412280369188
6954-OOYZZ,0,0.1549079437837989
9039-RBEEE,0,0.09415739147107802
5170-PTRKA,0,0.07395290306234478
7346-MEDWM,0,0.15033432085086035
5233-GEEAX,0,0.25596799816665927
3511-APPBJ,0,0.4538003980491973
7143-BQIBA,0,0.22136750177642125
2967-MXRAV,0,0.2870503919323633
7473-ZBDSN,0,0.11473533274470141
0265-EDXBD,0,0.38058373078886754
1386-ZIKUV,0,0.12214013808801455
0420-BWTPW,0,0.15356363824485136
1009-IRMNA,0,0.08780253546387216
3938-YFPXD,0,0.013643217386217878
3727-OWVYD,0,0.1080972003657397
5937-EORGB,1,0.6351763534159306
2791-SFVEW,0,0.07647567928543887
0980-PVMRC,0,0.10813337546568444
3648-GZPHF,0,0.08583642486993234
9677-AVKED,0,0.08580328047146357
1576-PFZIW,0,0.17705091394035474
9462-MJUAW,0,0.4676221134472522
7511-YMXVQ,0,0.29630266423690804
7128-GGCNO,0,0.24051288012424737
7492-TAFJD,0,0.28935700621427585
8901-UPRHR,0,0.056913254948221775
5044-XDPYX,0,0.035088383257229315
1010-DIAUQ,1,0.673256223060505
2691-NZETQ,1,0.5804202898619819
7586-ZATGZ,0,0.3009155829514702
1810-MVMAI,0,0.09691350603477838
7296-PIXQY,0,0.4133134640908067
9985-MWVIX,1,0.7468700657196955
7028-DVOIQ,0,0.47689222968656203
0420-TXVSG,0,0.05980704422044929
6953-PBDIN,0,0.025486135017047103
1090-ESELR,0,0.06625746771759845
8903-XEBGX,1,0.5861439200850527
9541-PWTWO,0,0.08606155861715895
1099-BTKWT,0,0.07885268705732174
8807-ARQET,0,0.10023791040816565
0673-IGUQO,0,0.35088439264627835
0709-TVGUR,1,0.6206341679684572
9269-CQOOL,1,0.504695382825893
7798-JVXYM,0,0.2379440048090981
7524-VRLPL,0,0.034871368313432176
8752-IMQOS,0,0.12613599464680772
0048-LUMLS,0,0.3046469862560471
6410-LEFEN,0,0.2899215037293899
5149-TGWDZ,0,0.4955500288946449
5514-YQENT,0,0.31074858995435134
3063-QFSZL,1,0.6021426253342649
4458-KVRBJ,0,0.025437673465557774
6631-HMANX,0,0.012778953152597616
3069-SSVSN,1,0.5255142472309489
4366-CTOUZ,0,0.2851754259720671
4685-ERGHK,0,0.1726202651318425
5756-OZRIO,0,0.09277219958505199
3845-JHAMY,0,0.194080992435963
5935-FCCNB,1,0.546872973035987
3468-DRVQJ,0,0.4651575785596084
3583-KRKMD,0,0.21097577815097002
2419-FSORS,0,0.05723463896749831
1357-BIJKI,0,0.3377898283247876
4480-QQRHC,1,0.5505257879660067
1589-AGTLK,1,0.5080614617601454
9631-XEYKE,1,0.5167970474281326
7503-ZGUZJ,1,0.8018699793723201
3452-FLHYD,0,0.0332525647116575
5219-YIPTK,0,0.370735260421139
5951-AOFIH,0,0.11097126260369394
3774-VBNXY,0,0.012464298853457845
8348-JLBUG,0,0.15039978563583845
0396-YCHWO,0,0.3513615117806414
5419-JKZNQ,0,0.3647221788727569
8808-ELEHO,1,0.6821808011928053
4950-HKQTE,0,0.07969397000258119
6933-FHBZC,0,0.12089607474180795
3165-HDOEW,1,0.6017663714326112
9097-ZUBYC,0,0.2092083930801202
1482-OXZSY,0,0.36572330651176344
8946-BFWSG,0,0.02177019745041862
4256-ZWTZI,0,0.3427380642652493
4393-OBCRR,0,0.19950402344710136
0074-HDKDG,0,0.13259233020528932
0468-YRPXN,0,0.3709286934729845
7010-ZMVBF,0,0.050632147774747255
5835-BEQEU,1,0.5751322380873011
9755-JHNMN,0,0.069901207327498
8084-OIVBS,0,0.07260751733814509
4039-HEUNW,0,0.4779931261746792
3446-QDSZF,0,0.43238877930854286
9873-MNDKV,0,0.22164107621791984
6341-JVQGF,0,0.1926618622243683
8859-YSTWS,0,0.018233610067874245
1777-JYQPJ,0,0.4864868767216985
2688-BHGOG,1,0.6689408848365042
7032-LMBHI,0,0.11460362401653945
6005-OBZPH,0,0.45745666684877695
8311-UEUAB,0,0.13667809581465973
4959-JOSRX,1,0.5782473955929494
4927-WWOOZ,1,0.6953156065272736
5334-JLAXU,0,0.19714324400848907
6322-PJJDJ,0,0.32791038336138184
2682-KEVRP,0,0.14623496072726552
6905-NIQIN,1,0.611747108439323
6685-XSHHU,0,0.015006419777815921
6993-YCOBK,0,0.15439923969209413
3887-PBQAO,0,0.04036405669220742
4697-LUPSU,0,0.23203228958727343
9465-RWMXL,0,0.27559444669859906
3981-QSVQI,0,0.07164144023187224
4451-RWASJ,0,0.08706886896566113
2256-YLYLP,0,0.03665109759829639
9701-CDXHR,0,0.12210212664604062
6664-FPDAC,0,0.17386871732054313
5351-QESIO,1,0.5328372155723738
3258-SANFR,0,0.2653551369701863
2968-SSGAA,1,0.6957210321201311
1421-HCERK,0,0.39317603120994815
7534-BFESC,0,0.39215460109335737
1357-MVDOZ,0,0.19238742020841137
9548-LERKT,0,0.03914776418032038
5244-IRFIH,0,0.4470409358122561
7982-VCELR,0,0.3416352417270723
5727-MYATE,0,0.018504329541963845
7401-RUBNK,0,0.3208297030214833
3999-QGRJH,0,0.4526031701290556
1853-UDXBW,1,0.7702665742793467
7434-SHXLS,0,0.4452203183529969
5934-RMPOV,0,0.3348036225726419
1488-SYSFC,0,0.02780772824932925
8065-YKXKD,0,0.49993497744990373
5442-PPTJY,0,0.06786852129394451
4236-UJPWO,1,0.532474687453487
5245-VDBUR,0,0.08809304097982204
9796-MVYXX,0,0.327222235800685
9507-HSMMZ,0,0.025479745886923314
5566-SOEZD,0,0.30995180859497073
1498-NHTLT,0,0.04164507084842744
9214-EKVXR,1,0.570041375720124
1895-QTKDO,1,0.570041375720124
6519-CFDBX,1,0.599659669199501
0354-WYROK,0,0.3923321403657636
1837-YQUCE,0,0.02314205340252303
4750-UKWJK,0,0.10514818326551988
7766-CLTIC,0,0.22136750177642125
9675-ICXCT,0,0.01608875115528106
2996-XAUVF,0,0.021083040994915262
0906-QVPMS,0,0.04753948670645594
7521-YXVZY,0,0.21313129070242978
7134-MJPDY,0,0.17475410976631214
6075-QMNRR,0,0.09057355481326165
0308-GIQJT,0,0.07993896170969267
4290-BSXUX,1,0.528902804010575
4851-BQDNX,0,0.3087101955795956
7148-XZPHA,0,0.0698046592844626
8042-JVNFH,1,0.7765909432571361
8237-ULIXL,0,0.01772986352254903
9092-GDZKO,0,0.059566970386805744
6734-CKRSM,0,0.21053260649190345
5919-VCZYM,0,0.22753011977127383
4026-SKKHW,0,0.3754353773561631
3398-FSHON,1,0.6461929576038815
7459-IMVYU,0,0.11576577144699157
5921-NGYRH,0,0.12513406783095052
8679-LZBMD,0,0.2925745428387726
9229-RQABD,0,0.08135154373892937
9514-JDSKI,1,0.730701503219316
7838-LAZFO,0,0.25598228181543936
6715-OFDBP,1,0.5486088776152199
7895-VONWT,0,0.13931292589785088
6328-ZPBGN,1,0.6838334800947196
4631-OACRM,1,0.571894269293435
8573-JGCZW,0,0.055887188473579305
5402-HTOTQ,0,0.21300311098439542
4962-CHQPW,0,0.03205869402410227
0851-DFJKB,0,0.22578711448295852
5478-JJVZK,0,0.10893648930508285
7470-DYNOE,0,0.11235432787817766
4139-JPIAM,0,0.074185982599828
9396-ZSFLL,0,0.21757679995138826
8630-QSGXK,0,0.0850738631931595
2400-XIWIO,0,0.02692795236397487
9650-VBUOG,0,0.03547875246438945
3810-PJUHR,0,0.023371506073715097
5956-YHHRX,1,0.558606450563091
8622-ZLFKO,1,0.6117536535733465
9531-NSBMR,0,0.03155327101549428
9903-LYSAB,0,0.32404886209526773
2812-SFXMJ,0,0.3891822438578656
8778-LMWTJ,0,0.4961751478847235
2673-CXQEU,0,0.2942173809713424
6036-TTFYU,0,0.07136500530004901
2096-XOTMO,0,0.08488701033444417
7905-NJMXS,0,0.18659793473384004
6141-OOXUQ,0,0.34356824518483614
1093-YSWCA,0,0.07148877365563223
4732-RRJZC,0,0.08916882285376218
4942-VZZOM,0,0.05847760628452419
0750-EBAIU,0,0.2433870778296331
4902-OHLSK,0,0.3863553277645717
6885-PKOAM,0,0.018437942800764922
7941-RCJOW,0,0.01706127308388663
9158-VCTQB,0,0.2991148693495394
9866-QEVEE,0,0.36196214408792876
3946-JEWRQ,0,0.33147153909389154
4628-CTTLA,0,0.07842216679061205
4912-PIGUY,1,0.8018699793723201
8465-SBRXP,0,0.2739844471892717
3913-FCUUW,0,0.035310942021799546
9170-ARBTB,0,0.021662145733236823
1400-MMYXY,1,0.7801629078886652
4727-MCYZG,1,0.6021426253342649
0376-YMCJC,0,0.24805614609338708
9057-SIHCH,1,0.661410856404415
2038-LLMLM,0,0.3327317621648172
1930-QPBVZ,0,0.08518894427322894
6048-UWKAL,0,0.10529221960278601
1184-PJVDB,1,0.5901285286488666
6650-BWFRT,0,0.05422082354436804
7721-DVEKZ,0,0.34356824518483614
8191-XWSZG,0,0.01726464432842718
5619-PTMIK,0,0.09689464520252694
8158-WPEZG,0,0.22072138144739317
9974-JFBHQ,0,0.12784664530319506
0870-VEMYL,0,0.3276941977329602
7399-QHBJS,0,0.01732170578423361
3654-ARMGP,0,0.04016821031314665
1468-DEFNC,0,0.02599986858670567
6818-WOBHJ,0,0.11210298665465562
5546-QUERU,0,0.0698879916475735
7717-BICXI,0,0.015006419777815921
4836-WNFNO,0,0.02033352156123188
5820-PTRYM,0,0.0830188220506554
1963-SVUCV,1,0.5897412420545536
4817-VYYWS,0,0.36572330651176344
4939-KYYPY,0,0.09739762903072915
9135-MGVPY,0,0.01997394552537424
2282-YGNOR,0,0.09598954519450512
8292-TYSPY,0,0.16665631188585092
7548-SEPYI,1,0.673256223060505
8992-JQYUN,1,0.6086846880571574
6270-OMFIW,0,0.1952151394333257
6427-FEFIG,0,0.3050913247268151
8938-UMKPI,0,0.3816042025283343
0617-AQNWT,0,0.0267001556528999
0191-ZHSKZ,0,0.38183234671111166
6513-EECDB,1,0.8343126147250285
9734-YWGEX,1,0.6640343926238991
3269-ATYWD,0,0.469322353640013
8089-UZWLX,0,0.18111004593127766
1494-EJZDW,0,0.07579552054407147
4706-DGAHW,1,0.6509007253697551
5669-SRAIP,0,0.40305397435913193
1902-XBTFB,0,0.3704697864143419
7321-PKUYW,0,0.4272471912627433
1394-SUIUH,0,0.2222396345152572
0531-ZZJWQ,0,0.19814816958312576
7067-KSAZT,0,0.21069564967178145
5172-RKOCB,0,0.056913254948221775
9847-HNVGP,0,0.051705804517497206
2180-DXNEG,1,0.6298673803088054
5133-POWUA,1,0.6017663714326112
5995-SNNEW,1,0.5676361122916508
7225-IILWY,0,0.01841491225848925
6817-WTYHE,1,0.5861486141093742
0239-OXEXL,0,0.26853949701487695
4395-PZMSN,1,0.6953185304985374
7845-URHJN,0,0.07302510656182407
4724-WXVWF,0,0.2611372315339022
3026-ATZYV,0,0.2711156771494517
6581-NQCBA,0,0.21810472849811538
5515-RUGKN,0,0.23145105351693693
5628-RKIFK,0,0.4447179475739993
2812-ENYMO,0,0.10961553793871767
9027-YFHQJ,0,0.1580522407057232
9225-BZLNZ,0,0.07400311259475002
3166-PNEOF,0,0.040292433915631115
8096-LOIST,0,0.149274355453096
5606-AMZBO,0,0.48379520497720707
1442-OKRJE,0,0.24631113732440713
6689-TCZHQ,1,0.6514228937557356
7167-PCEYD,0,0.015426303851602974
3780-DDGSE,0,0.2354318156365302
2664-XJZNO,0,0.08191115712128788
8766-PAFNE,0,0.020315871284975043
5813-UECBU,0,0.36663191881871604
7252-NTGSS,1,0.5941049762487963
6015-VVHHE,1,0.6772394100236271
7103-ZGVNT,0,0.02544688692780934
1676-MQAOA,0,0.029499641662350636
9411-TPQQV,0,0.10946062862724051
4529-CKBCL,1,0.6728409361570314
1697-BCSHV,0,0.08577922272243158
4662-EKDPQ,1,0.5311214963868389
1855-CFULU,0,0.2483542914041436
3914-FDRHP,0,0.44885468665057415
5003-OKNNK,0,0.07448986770970276
3908-BLSYF,1,0.6080848860032783
2786-GCDPI,0,0.32736631181469067
7295-JOMMD,1,0.6793028057804922
9603-OAIHC,1,0.8293229760807277
2834-JKOOW,0,0.24248994027728624
8780-IXSTS,1,0.5967462872399172
4530-NDRKU,0,0.03161835440025944
1866-RZZQS,0,0.4749398058354237
3097-NQYSN,1,0.7678327421783441
0556-FJEGU,0,0.05999544754358751
7396-VJUZB,0,0.4579150009110673
1265-ZFOSD,0,0.033612125821127964
8548-AWOFC,0,0.02261330938269845
8663-UPDGF,0,0.16659184728891796
0940-OUQEC,1,0.5957959094861444
4716-MRVEN,0,0.031399751875108774
7989-AWGEH,0,0.0899888505453673
9728-FTTVZ,1,0.7576281634997777
1623-NLDOT,0,0.10281968915590017
9845-PEEKO,0,0.18932004851263834
8455-HIRAQ,0,0.272151319741118
5919-TMRGD,1,0.8002121291097682
5318-YKDPV,0,0.13740975535457614
4475-NVTLU,0,0.028259198296976054
1112-CUNAO,1,0.5905297921895222
3266-FTKHB,0,0.07355771566774912
4208-UFFGW,1,0.6353339540130286
1766-GKNMI,0,0.33080919476782455
0206-TBWLC,0,0.23110245052808673
1098-TDVUQ,0,0.3283511326173145
3524-WQDSG,0,0.36349973743207803
6855-VLGOS,0,0.010876258946944384
7609-NRNCA,0,0.05815311086139619
6686-YPGHK,0,0.39107224054005807
1360-JYXKQ,0,0.22487257125314314
6198-ZFIOJ,1,0.5822340613279944
6108-OQZDQ,1,0.6839209916325842
4521-YEEHE,0,0.3121770552748102
8972-HJWNV,1,0.6891659952828987
4115-BNPJY,0,0.1562840571208532
4013-GUXND,0,0.40910837200262457
2257-BOVXD,0,0.18747232779311923
9881-VCZEP,0,0.13384202272763995
0485-ZBSLN,0,0.018853943769189033
4770-UEZOX,1,0.6625967322839851
3209-ZPKFI,0,0.11571371206128724
7168-HDQHG,0,0.030442159904383162
6308-CQRBU,0,0.10229851091201995
8878-HMWBV,1,0.5217319507600048
0082-LDZUE,1,0.570041375720124
9142-KZXOP,0,0.11377726309273148
7905-TVXTA,0,0.29278368612613576
1016-DJTSV,0,0.4526031701290556
1866-DIOQZ,0,0.018309602172708047
0259-GBZSH,1,0.6812813033984912
5977-CKHON,0,0.2957330558741857
2270-CHBFN,0,0.25306142806075543
9878-TNQGW,1,0.675117358921259
0953-LGOVU,0,0.21908718231319405
6994-FGRHH,0,0.12482330015063518
3658-KIBGF,1,0.6100493732410127
2674-MLXMN,0,0.14939287677081411
0218-QNVAS,0,0.11597398551414383
9392-XBGTD,0,0.02535899910596555
9638-JIQYA,1,0.5279522369207625
0895-LNKRC,0,0.07116586489657675
0013-SMEOE,0,0.07209230635161924
1571-SAVHK,1,0.6192987781968532
7180-PISOG,1,0.7851790703143672
9360-AHGNL,0,0.3600427365714707
1154-HYWWO,0,0.148617503633851
8544-GOQSH,0,0.4196711566645176
5089-IFSDP,0,0.2571854199076416
6928-ONTRW,0,0.015426880465178873
8887-IPQNC,0,0.27866584978740117
0947-IDHRQ,1,0.6179249692555673
7566-DSRLQ,0,0.054923903453730306
7188-CBBBA,0,0.19125823882244958
8580-AECUZ,1,0.8808412035359019
0585-EGDDA,0,0.2823338321861475
5296-PSYVW,0,0.015834271353402624
0135-NMXAP,1,0.5410369154941214
6710-HSJRD,0,0.1492246620232086
1729-VLAZJ,0,0.26196044250076117
7812-FZHPE,0,0.0800255685574971
5876-HZVZM,0,0.23233594934461915
5131-PONJI,0,0.2876735490945946
5726-CVNYA,0,0.08054622673297544
5863-OOKCL,0,0.109777876165245
2982-IHMFT,1,0.8565463977508121
0595-ITUDF,0,0.14744426580165007
3957-LXOLK,1,0.5408380717597109
7668-XCFYV,0,0.49800114455790784
7593-JNWRU,0,0.28305578467963033
1396-QWFBJ,0,0.31095668160781337
3132-TVFDZ,0,0.13168892730424883
1839-FBNFR,0,0.026709256297670667
8705-WZCYL,1,0.570041375720124
6963-EZQEE,0,0.033590743787566976
1904-WAJAA,0,0.13379221107245926
3727-JEZTU,0,0.3526399482018339
1187-WILMM,0,0.03406799866832659
1229-RCALF,0,0.12709093861595233
1270-XKUCC,0,0.03262122749485234
9236-NDUCW,0,0.1523168104968474
4465-VDKIQ,0,0.3301893370794759
8008-HAWED,0,0.19881293209948184
7450-NWRTR,1,0.7055812241450289
6732-VAILE,0,0.02173579201214718
5575-GNVDE,0,0.11077491938661099
9752-ZNQUT,1,0.6017663714326112
3454-JFUBC,0,0.02018788352866287
6407-UTSLV,1,0.7416739674395688
6656-JWRQX,0,0.3695889958290703
4999-IEZLT,0,0.04129206845680452
0907-HQNTS,0,0.10752855531928984
7590-VHVEG,1,0.5739915400198791
1060-ENTOF,0,0.13005294094371286
3457-PQBYH,0,0.021823799464946062
5619-XZZKR,0,0.1454250111860058
5555-RNPGT,0,0.16577333703051747
0780-XNZFN,0,0.02169502077725018
3374-LXDEV,0,0.49242785242543197
5133-VRSAB,0,0.21917661243494152
9388-ZEYVT,0,0.08149431415977668
9909-DFRJA,0,0.33952722964816684
8577-QSOCG,0,0.022272395601430583
2137-DQMEV,0,0.050084222759799756
4274-DRSQT,0,0.15874133924127298
2758-RNWXS,0,0.21011762750619867
5671-UUNXD,0,0.2973581352441402
0247-SLUJI,0,0.36259414903161935
9919-FZDED,0,0.08498610388222348
5840-NVDCG,0,0.18462717304084694
4521-WFJAI,0,0.04478809427209608
9860-LISIZ,0,0.022272395601430583
7734-DBOAI,0,0.38575382415364606
0057-QBUQH,0,0.040615591408003165
6298-QDFNH,0,0.3216899526723308
1757-TCATG,0,0.022623631208057292
6838-YAUVY,0,0.18127122763099365
2369-FEVNO,0,0.40246656244746276
1169-WCVAK,0,0.28535458226404226
8559-CIZFV,0,0.18300346383013
9068-VPWQQ,0,0.048478403811288165
6543-XRMYR,0,0.4666196367513143
8722-PRFDV,0,0.06749598198309806
6233-HXJMX,0,0.2836787565066168
9668-PUGNU,0,0.015687908068375896
7074-IEVOJ,1,0.7393639470855494
3506-OVLKD,0,0.04332638707868839
3992-YWPKO,1,0.5444118140817802
3128-YOVTD,0,0.2235158918561684
7389-KBFIT,1,0.5955556687699862
4622-YNKIJ,0,0.21011762750619867
3778-FOAQW,0,0.031022096060773236
3146-JTQHR,0,0.07173802223342213
3945-GFWQL,0,0.222925499931921
3987-KQDDU,0,0.4836359069446287
6243-OZGFH,0,0.12721144648849506
7817-BOQPW,1,0.6603713067992707
8388-FYNPZ,0,0.4018618214451891
4703-MQYKT,0,0.03736825490156371
3284-SVCRO,0,0.04036405669220742
8847-GEOOQ,0,0.02917773225019314
9581-GVBXT,0,0.08245539090126172
8350-NYMVI,0,0.08992690494893235
6352-TWCAU,0,0.3099717238577366
8044-BGWPI,0,0.10506524990033993
5834-ASPWA,1,0.7737629723522425
5884-GCYMI,1,0.8067830923676403
7909-FIOIY,0,0.062227763549426884
7055-JCGNI,0,0.1256867624795492
1658-XUHBX,0,0.21277803578570872
5590-BYNII,0,0.4552964506807763
6518-PPLMZ,0,0.05388824735225845
9824-BEMCV,0,0.18614264200406808
1813-JYWTO,0,0.07196085181587479
4350-ZTLPI,0,0.26871591640034764
9507-EXLTT,1,0.8002121291097682
5766-XQXMQ,0,0.12972498827839882
0106-UGRDO,0,0.13320916198264654
4257-GAESD,0,0.28305578467963033
6683-VLCTZ,1,0.5602916076971881
0970-ETWGE,1,0.7903073075849786
8679-JOEVF,0,0.2759297050272163
4883-QICIH,0,0.1553253899591489
7156-MXBJE,0,0.1806859980954012
7216-EWTRS,1,0.902145581776566
3370-HXOPH,1,0.585973996344092
8963-JLGJT,0,0.48219411402240003
1602-IJQQE,1,0.5920903581831173
3791-LGQCY,0,0.33555905805272246
4255-DDUOU,0,0.3707348316711289
3487-EARAT,0,0.028541853883377283
2903-YYTBW,1,0.570041375720124
5688-KZTSN,0,0.07634050482556705
4282-YMKNA,0,0.4961751478847235
8942-DBMHZ,0,0.06377468596368698
8097-OMULG,0,0.040248486900811065
5701-ZIKJE,0,0.2108331157767292
3144-KMTWZ,0,0.08206176601374433
4808-YNLEU,0,0.1080972003657397
2232-DMLXU,1,0.6100493732410127
1934-SJVJK,0,0.3969706113942734
8197-BFWVU,0,0.020069179862415278
5126-RCXYW,0,0.09192424896619897
5996-DAOQL,0,0.35088439264627835
0030-FNXPP,0,0.2590123327776309
4510-PYUSH,0,0.21694953796943395
6322-HRPFA,0,0.09161300240445776
2057-ZBLPD,0,0.3618194547522507
8329-GWVPJ,0,0.13562101069944318
3845-FXCYS,0,0.2211840087147674
9497-QCMMS,1,0.9038015730009434
1080-BWSYE,0,0.029069664171466253
5519-NPHVG,1,0.6240537799031854
5063-IUOKK,0,0.07497014616769838
8450-LUGUK,0,0.026778927804269933
7613-LLQFO,1,0.531655189570867
3158-MOERK,1,0.6982543432937882
0979-PHULV,0,0.11924297662764193
5680-LQOGP,0,0.029800385021039308
8620-RJPZN,0,0.4008077617198635
4390-KYULV,0,0.2060204526846405
1608-GMEWB,0,0.42136631741341385
3635-JBPSG,0,0.22220361593195162
5542-NKVRU,0,0.022738230506793276
7037-MTYVW,0,0.21704280503131557
9992-UJOEL,1,0.589061664107941
2987-BJXIK,0,0.07107063933110332
0516-QREYC,0,0.14639603678049384
7693-LCKZL,1,0.6117399527360737
6486-LHTMA,0,0.40824393481173227
3419-SNJJD,0,0.2082486613904257
3967-VQOGC,0,0.023123999210880757
5348-CAGXB,1,0.5596369415450316
6625-UTXEW,0,0.21295613160173732
2667-WYLWJ,0,0.08370887517852996
9819-FBNSV,0,0.334319902931057
0519-XUZJU,1,0.7765909432571361
9821-BESNZ,0,0.16100074902347558
4986-MXSFP,0,0.22753011977127383
0191-EQUUH,0,0.11604792983544746
4660-IRIBM,0,0.40447437559352406
8095-WANWK,0,0.2866570110296231
9501-UKKNL,0,0.03167662021591103
9688-YGXVR,0,0.28231334457479856
1612-EOHDH,1,0.5941049762487963
5730-RIITO,0,0.29924227777800966
0208-BPQEJ,0,0.08832001350782687
1241-FPMOF,0,0.021662145733236823
1984-FCOWB,0,0.13144853011846983
7041-TXQJH,0,0.09754940612692162
4853-RULSV,0,0.1118802118190434
7253-UVNDW,0,0.10013900305629839
3536-IQCTX,0,0.4077796405778665
9943-VSZUV,0,0.13841858906395824
9089-UOWJG,0,0.19406857001480926
2452-KDRRH,0,0.21906562194520615
7598-UAASY,1,0.6626839144799541
5130-YPIRV,0,0.1322842218548451
8429-XIBUM,0,0.4552964506807763
5702-SKUOB,0,0.14775320651367227
3716-BDVDB,1,0.7531219274455069
8665-UTDHZ,1,0.6068462366766447
7841-FCRQD,0,0.09564073970649746
4903-UYAVB,0,0.108843999319887
5129-HHMZC,0,0.16544860087681293
6458-CYIDZ,1,0.6847057409226768
9073-ZZIAY,0,0.03749023611343332
3404-JNXAX,0,0.08843112950538119
6121-VZNQB,0,0.2870503919323633
3672-YITQD,0,0.39331484969895364
6505-OZNPG,0,0.21696502287930106
0289-IVARM,0,0.10893648930508285
0164-XAIRP,0,0.03820825852110751
7284-BUYEC,0,0.3886246259374667
2516-XSJKX,0,0.17200596072188648
8138-EALND,0,0.09138437955396389
6288-LBEAR,0,0.17532245110970174
3858-VOBET,0,0.2960235520506881
8316-BBQAY,0,0.026785277598693605
8040-MNRTF,1,0.7765909432571361
8731-WBBMB,0,0.19064125236151938
3627-FCRDW,0,0.47459837547431916
7139-JZFVG,0,0.061260047946047204
8167-GJLRN,0,0.34897515714027044
7890-VYYWG,1,0.6132996324158018
9386-LDCZR,0,0.17252435482339887
4950-BDEUX,0,0.1150784323815945
3902-MIVLE,0,0.046760181379617884
1139-WUOAH,0,0.04996975750570407
5986-WWXDV,0,0.034979953956114154
4815-GBTCD,0,0.3474172856422286
3549-ZTMNH,0,0.15558118041164368
4884-LEVMQ,0,0.025258465515230536
5419-CONWX,1,0.7678634949372172
8612-GXIDD,0,0.14166637011226427
4412-YLTKF,0,0.3931549292346726
0559-CKHUS,0,0.039805122695876854
2004-OCQXK,1,0.799610219188219
5707-ZMDJP,0,0.07606226216176867
6904-JLBGY,0,0.053665672657306186
3678-MNGZX,0,0.010692228942371311
9838-BFCQT,0,0.020993685016137357
1951-IEYXM,0,0.018504329541963845
0895-DQHEW,0,0.3232550327873377
3439-GVUSX,1,0.5365409192760775
6253-GNHWH,0,0.022474946459097353
2346-DJQTB,0,0.026778927804269933
5968-HYJRZ,0,0.025853494656680118
3645-DEYGF,0,0.4008077617198635
1346-UFHAX,1,0.5573321676488031
3500-NSDOA,0,0.03921586335261569
3733-UOCWF,0,0.06413726755762697
4304-TSPVK,0,0.12910489663512145
0128-MKWSG,0,0.08966652838758861
2361-FJWNO,0,0.09132989585407007
3785-NRHYR,0,0.34356824518483614
6419-ZTTLE,0,0.1460943126425628
2831-EBWRN,0,0.4807571911921127
4439-YRNVD,0,0.26196044250076117
1150-FTQGN,0,0.19714324400848907
0567-XRHCU,0,0.04703468437023735
8659-HDIYE,0,0.06841600962070357
1561-BWHIN,0,0.03999591347774875
1657-DYMBM,0,0.024751067908995315
3398-GCPMU,0,0.014449240246009987
6849-OYAMU,1,0.506319952469766
5906-BFOZT,0,0.33888694532698976
1237-WIYYZ,0,0.056805588262777915
4385-GZQXV,0,0.3898103006949862
2592-YKDIF,0,0.35383953808563434
2974-GGUXS,0,0.4313209404449188
2188-SXWVT,0,0.13110109648090143
7989-CHGTL,0,0.34874095560258156
2988-QRAJY,0,0.13939058008088495
9399-APLBT,1,0.7865500380563026
9637-CDTKZ,0,0.048865868354005464
7055-HNEOJ,0,0.3619594037413262
2378-HTWFW,0,0.4205471751358339
0164-APGRB,0,0.04753948670645594
5499-ECUTN,0,0.10083141360904099
9618-LFJRU,0,0.16102905189056732
4139-SUGLD,0,0.08987005690678775
3070-FNFZQ,0,0.031022096060773236
2777-PHDEI,1,0.7971389502712019
2842-BCQGE,0,0.25941627695245595
6901-GOGZG,0,0.03913472595157467
2984-RGEYA,0,0.018875508411402057
2530-ENDWQ,0,0.08772415108321152
8671-KKKOS,0,0.09061045296851102
8148-NLEGT,0,0.029566232743834506
1897-OKVMW,0,0.0441429126335262
4816-OKWNX,0,0.30934861067181485
4182-BGSIQ,0,0.08331664071522286
6376-GAHQE,1,0.5782381094988414
8260-NGFNY,1,0.5360598010832974
8229-TNIQA,0,0.45990047306603093
2236-HILPA,0,0.012484140123299115
0248-PGHBZ,0,0.05327510693598362
0804-XBFBV,0,0.1347792225667657
0369-ZGOVK,0,0.28330745723079365
7901-HXJVA,0,0.46011821725135865
2235-ZGKPT,0,0.4676221134472522
3913-RDSJZ,0,0.020538217776202492
9643-AVVWI,1,0.5373299748789222
8149-AIQCG,0,0.2636543160085552
8922-NPKBJ,0,0.03131920910111414
4576-CSAJH,0,0.18452892753084593
1121-QSIVB,0,0.252578134701544
3712-PKXZA,0,0.018346865891392793
4707-YNOQA,0,0.04332638707868839
4361-FEBGN,0,0.017882374461247536
0318-QUUOB,1,0.7993702376737276
6576-FBXOJ,0,0.19311412671145817
2479-BRAMR,0,0.38012504820652304
3752-CQSJI,0,0.06462821119465456
6345-FZOQH,0,0.010692228942371311
7270-BDIOA,0,0.24764659257553231
8593-WHYHV,1,0.6106676742993175
5372-FBKBN,0,0.03179826047501278
4030-VPZBD,0,0.3720783331440279
6772-KSATR,1,0.799610219188219
0068-FIGTF,0,0.15621514515131835
6080-LNESI,0,0.028943592947954577
1705-GUHPV,0,0.014812398502651179
4227-OJHAL,0,0.08193684018954675
0835-JKADZ,0,0.09374358211064679
3785-KTYSH,0,0.03237095249780118
9114-AAFQH,0,0.10083141360904099
7605-SNLQG,0,0.10365557165762349
3062-ICYZQ,0,0.30652319347714124
7445-WMRBW,0,0.10266513932602495
9530-GRMJG,0,0.019682683389451915
1205-WNWPJ,0,0.2123602740680054
8413-VONUO,1,0.706585187311729
6434-TTGJP,0,0.2478293176068189
6728-DKUCO,0,0.11061860292056364
2516-VQRRV,1,0.7380299392823408
7315-WYOAW,1,0.6152965906455714
7501-VTYLJ,1,0.5993807561312873
2749-CTKAJ,0,0.0326388735018327
5248-YGIJN,0,0.01720608392792876
2178-PMGCJ,0,0.18231376924082934
9314-IJWSQ,1,0.5289333896570635
4338-EYCER,0,0.15928951047053794
7109-MFBYV,0,0.10938815302204727
3318-NMQXL,1,0.6573023266384008
0186-CAERR,0,0.0939692509140699
4860-IJUDE,0,0.49547076433868625
3308-JSGML,0,0.06140235039569582
9530-EHPOH,0,0.21021061210719907
6305-YLBMM,0,0.11203466498048276
3230-WYKIR,0,0.24901973267887478
9945-PSVIP,0,0.06267353609039988
7721-JXEAW,0,0.05778944888812894
3727-RJMEO,1,0.60428132634606
2230-XTUWL,0,0.022892575006079663
5084-OOVCJ,0,0.1940023989021494
8270-RKSAP,0,0.4592831481792759
8584-KMVXD,1,0.5067097510381842
5842-POCOP,1,0.6182151095232141
2805-AUFQN,0,0.034703355494097636
7312-XSBAT,1,0.5821092588358169
4983-CCWMC,1,0.5607012167516503
0804-YGEQV,0,0.02868017311143588
1709-EJDOX,0,0.026671385692578178
2277-DJJDL,0,0.13245442945629585
9470-XCCEM,0,0.3128795187941526
3224-DFQNQ,0,0.04290556509459962
7517-LDMPS,1,0.533519596350528
8668-KNZTI,0,0.09519798615234716
8207-DMRVL,0,0.04753948670645594
6275-YDUVO,1,0.6812813033984912
0550-DCXLH,0,0.3172754361308068
4365-MSDYN,0,0.07090019730565827
9863-JZAIC,0,0.13110109648090143
7197-VOJMM,0,0.024438671689054337
1084-UQCHV,1,0.8110946435265904
9279-CJEOJ,1,0.5598649533673499
0112-QWPNC,0,0.1031720764083988
9095-HFAFX,1,0.6140163755003014
8873-TMKGR,0,0.04130452179542477
2862-PFNIK,1,0.5777049414538281
7996-BPXHY,0,0.12843643742041735
3399-BMLVW,0,0.07835833490010619
9128-CPXKI,0,0.2563299860333023
5828-DWPIL,0,0.14444070187253866
7969-AULMZ,0,0.44962492156449746
2603-HVKCG,0,0.3687149442547321
0909-SDHNU,0,0.2777808348279225
9170-CCKOU,0,0.4354656595968148
4080-OGPJL,0,0.29387378191601665
7623-TRNQN,0,0.3706999497545689
6629-LADHQ,1,0.5957484031901108
4652-ODEVH,0,0.028407065569257237
9862-KJTYK,0,0.08826868315433145
3934-HXCFZ,0,0.4555940488428481
4419-UJMUS,0,0.09524954891818313
7336-RLLRH,0,0.20130174490421635
3649-JPUGY,0,0.012654729550113144
6599-GZWCM,1,0.5003318931912427
1564-HJUVY,0,0.31532968949997875
9199-PWQVC,0,0.12686122726965923
7606-BPHHN,0,0.011866595432723323
4317-VTEOA,1,0.611747108439323
3061-BCKYI,0,0.06900244017238695
7716-YTYHG,0,0.2580864118716048
3352-RICWQ,0,0.08715944790214475
0295-QVKPB,0,0.29654971176716144
1764-VUUMT,0,0.014767361702609474
5989-OMNJE,0,0.1371248948248551
3247-MHJKM,0,0.4004878527735837
9972-NKTFD,0,0.10337252586016925
2359-KLTEK,0,0.3412972857558178
9231-ZJYAM,1,0.6617015167799508
4829-ZLJTK,0,0.12667058141857226
1047-NNCBF,0,0.298473807053794
6465-GSRCL,0,0.1682356044129648
8286-AFUYI,1,0.6017663714326112
3092-IGHWF,0,0.1433868312275283
0541-FITGH,1,0.5311214963868389
2203-GHNWN,0,0.31991865081811777
7954-MLBUN,0,0.3603817405260133
2675-DHUTR,0,0.3480176145287697
7824-PANSQ,0,0.0414051102576495
8805-JNRAZ,1,0.5979532042743239
0390-DCFDQ,1,0.8143886546772003
3923-CSIHK,0,0.24633557015376492
9570-KYEUA,0,0.12784664530319506
1075-BGWOH,1,0.589259584069651
6490-FGZAT,0,0.07220880030649214
1921-KYSAY,0,0.10217935990721096
6732-FZUGP,0,0.3312407635569183
1877-HKBQX,0,0.21733836152524055
9822-WMWVG,0,0.37288614144721527
0877-SDMBN,0,0.3232550327873377
7672-VFMXZ,0,0.05778501453808578
4926-UMJZD,0,0.10280904022949755
4877-TSOFF,0,0.07738294923830133
9391-TTOYH,0,0.03820825852110751
6653-CBBOM,1,0.7445931890016422
7551-DACSP,0,0.23702344934461916
0219-YTZUE,1,0.616475234266205
0929-PECLO,0,0.13889872870044948
9506-UXUSK,0,0.42673437632370886
7394-FKDNK,1,0.5924590240100709
3797-FKOGQ,1,0.548739472777382
5600-PDUJF,0,0.25238057992929935
6507-ZJSUR,0,0.47248369364144344
5539-HIVAK,0,0.12932374805267147
6848-YLDFR,0,0.05149735630563994
4446-BZKHU,0,0.24039422472896252
0447-BEMNG,0,0.08586664110158525
3813-DHBBB,0,0.02921519465606127
7742-MYPGI,0,0.26549368051083727
2274-XUATA,0,0.027561055066630816
6652-YFFJO,0,0.1942174280218389
5012-YSPJJ,0,0.10783410296899434
2931-SVLTV,0,0.30680045596273914
6463-MVYRY,0,0.07606763313675692
6435-SRWBJ,1,0.568110833596607
6906-ANDWJ,0,0.445719778267072
4625-XMOYM,0,0.020993685016137357
8963-MQVYN,0,0.03179826047501278
1891-QRQSA,0,0.14606630514472077
3090-LETTY,1,0.5189378080342089
1376-HHBDV,0,0.10443846307425593
7771-ZONAT,0,0.1678432718488364
0608-JDVEC,0,0.01846340716081956
2925-MXLSX,0,0.13643555167854085
6374-AFWOX,0,0.07322086583709339
1125-SNVCK,0,0.1691222593592942
6762-NSODU,0,0.045992098384482746
3373-DIUUN,0,0.027353349979335494
4102-HLENU,0,0.05980704422044929
3346-BRMIS,0,0.22501557380771253
4302-ZYFEL,0,0.010360834605585869
5204-QZXPU,0,0.1406931899966633
9588-OZDMQ,1,0.5903049421134856
3714-XPXBW,0,0.1667128021380033
5766-ZJYBB,0,0.32141046676764135
0637-YLETY,1,0.5077919406714682
1142-WACZW,0,0.3603130431339535
2276-YDAVZ,1,0.5867487770152584
4988-IQIGL,1,0.8482854919899064
4083-EUGRJ,0,0.07481754761747113
2805-EDJPQ,0,0.16475736560586515
9402-ROUMJ,0,0.14716378987124462
0431-APWVY,0,0.3447425027739156
5944-UGLLK,0,0.12373788058128378
5397-TUPSH,0,0.13108496874032535
3551-HUAZH,1,0.8565463977508121
9774-NRNAU,0,0.2879932541895094
9505-SQFSW,1,0.5272553768352123
9817-APLHW,0,0.1285113175995659
1513-XNPPH,0,0.4822433757778795
3733-ZEECP,0,0.16004887360675088
2697-NQBPF,0,0.3629610591614725
3623-FQBOX,0,0.03299010910845941
9805-FILKB,0,0.017882374461247536
7228-PAQPD,0,0.2036204038742663
0757-WCUUZ,0,0.11105280699333347
4111-BNXIF,0,0.026785277598693605
6198-RTPMF,0,0.4501777605134181
0930-EHUZA,0,0.1661809400006366
7526-IVLYU,0,0.21741166556390962
3452-GWUIN,1,0.5567481263549162
8400-WZICQ,0,0.12200119909186409
4254-QPEDE,0,0.06744919115803581
1023-BQXZE,0,0.15733263288001106
5161-XEUVX,0,0.2624195945903628
4250-WAROZ,0,0.16722825200032873
4423-YLHDV,0,0.4693800259246235
9424-CMPOG,0,0.07241818097478953
0742-MOABM,0,0.35902862592405776
7706-DZNKK,0,0.06900485939234866
2729-VNVAP,0,0.023282573357050793
8404-GFGCZ,0,0.4143725367428687
4335-UPJSI,0,0.03914776418032038
4367-NHWMM,1,0.5744324909211036
8630-FJLIB,0,0.188933114135453
8780-RSYYU,0,0.04826375260075703
6899-PPEEA,0,0.4760523282338812
0774-RMNUW,0,0.02407011325121193
1965-DDBWU,0,0.3438103083495465
3212-KXOCR,0,0.01726464432842718
0409-WTMPL,0,0.2545882787447109
0867-MKZVY,0,0.3453864262497764
7814-LEEVE,0,0.3715464589895891
7883-ROJOC,0,0.1408351774297158
4825-FUREZ,0,0.0231788435336132
5325-UWTWJ,0,0.20933828061560672
3629-WEAAM,0,0.1842409889079104
3345-PBBFH,0,0.24748434579186845
3030-YDNRM,1,0.519248991978279
2722-JMONI,1,0.6631326113798833
4690-LLKUA,0,0.24179677359238133
4318-RAJVY,0,0.08331664071522286
5371-VYLSX,0,0.3171586945374683
7529-ZDFXI,0,0.22511704504807548
0661-WCQNQ,0,0.16850767711370476
7103-IPXPJ,0,0.28002657274638293
3640-PHQXK,0,0.3098254966039921
9101-NTIXF,0,0.1709562147797919
2475-MROZF,0,0.26426716818836293
8414-MYSHR,1,0.7378016563828921
6087-YPWHO,0,0.01743889328423361
2495-TTHBQ,0,0.16102905189056732
8982-NHAVY,0,0.4114643646639016
3280-MRDOF,0,0.1557420344912569
2209-XADXF,1,0.5360598010832974
3569-EDBPQ,0,0.20346470878620193
7654-YWJUF,0,0.1540247397388694
2542-HYGIQ,0,0.39776598345656117
6094-ZIVKX,0,0.07673730244193712
3508-VLHCZ,0,0.028159531311343286
2115-BFTIW,0,0.27963533428789633
1925-TIBLE,1,0.6207978343924294
7319-ZNRTR,0,0.03675589247154177
0224-RLWWD,1,0.6335904096007281
4588-YBNIB,0,0.34874095560258156
2223-GDSHL,0,0.09193439703482349
6910-HADCM,1,0.7971389502712019
0921-OHLVP,0,0.3292935489953323
8819-WFGGJ,0,0.06292551232079463
3106-ULWFW,1,0.6117109753550419
9018-PCIOK,0,0.1166649385025435
6211-WWLTF,0,0.21869999689749375
2684-EIWEO,0,0.4103148581058842
8450-UYIBU,0,0.284237873208748
6791-YBNAK,0,0.09671238031965165
3254-YRILK,0,0.43896889888870416
4698-KVLLG,0,0.06448697503412079
7608-RGIRO,0,0.014812398502651179
8547-NSBBO,0,0.32108514593315896
7241-AJHFS,0,0.21011762750619867
7995-ZHHNZ,0,0.11212017773761211
4710-NKCAW,0,0.29278368612613576
6542-LWGXJ,0,0.43100269479011866
1626-ERCMM,1,0.53367483841776
9208-OLGAQ,0,0.41975290354917627
4369-NYSCF,0,0.05478689504769164
2722-VOJQL,0,0.13929360420456946
3682-YEUWS,0,0.17775691265825763
5018-HEKFO,0,0.1687577422813778
0810-BDHAW,0,0.3050913247268151
3803-KMQFW,0,0.3813637652061288
1455-UGQVH,1,0.6727491117109586
7601-DHFWZ,0,0.021765513917789116
3719-TDVQB,0,0.08002355965501855
1042-HFUCW,0,0.11864276885098474
7786-WBJYI,1,0.5782381094988414
3023-GFLBR,0,0.30673949529476446
7711-GQBZC,0,0.015687908068375896
2091-MJTFX,0,0.09126170727894051
4847-QNOKA,1,0.5770846232220561
8220-OCUFY,0,0.15371268640111224
2379-ENZGV,1,0.6130698092822219
5759-RCVCB,1,0.5294558414883819
0221-WMXNQ,1,0.6612586787940525
9600-UDOPK,0,0.34647768770932885
5148-ORICT,0,0.03968287596493804
6235-VDHOM,0,0.32799994734303534
2674-MIAHT,1,0.6151532907662779
3129-AAQOU,0,0.08295710647208851
0013-MHZWF,0,0.27498356774035426
5887-IKKYO,0,0.11600195517876204
9732-EQMWY,0,0.3600276155414929
8337-MSSXB,1,0.5531099334008459
0602-DDUML,0,0.038342509072189605
8868-WOZGU,0,0.4235553339402553
3197-NNYNB,0,0.21513965634437018
4508-OEBEY,0,0.16113444896945087
8397-MVTAZ,0,0.36893400098774864
8966-SNIZF,0,0.014823025037437751
6508-NJYRO,0,0.1316471865716707
5062-CJJKH,0,0.13151096601952406
7663-RGWBC,1,0.570041375720124
3195-TQDZX,0,0.19950402344710136
5649-ANRML,1,0.6562345983665492
8033-ATFAS,0,0.11404215379425674
9770-KXGQU,0,0.3422702583277307
0623-IIHUG,0,0.31228911566947043
4598-ZADCK,0,0.10476924952473242
3108-PCCGG,0,0.08836681935249119
6769-DYBQN,0,0.38521766040934563
1337-BOZWO,0,0.16243732527614338
7925-PNRGI,0,0.1314107353904387
1768-HNVGJ,0,0.18035679581496245
2823-LKABH,0,0.37514716753299654
7233-IOQNP,0,0.10275804960181527
2731-GJRDG,0,0.3039168698898106
4441-NIHPT,1,0.610376767478689
3882-IYOIJ,0,0.1369855981590187
8563-IIOXK,0,0.2536887627628212
1217-VASWC,0,0.4678357334372338
6447-EGDIV,0,0.02780772824932925
9361-YNQWJ,0,0.014812398502651179
4393-RYCRE,0,0.38079146993928586
1597-FZREH,0,0.43722929278687817
9117-SHLZX,1,0.6017663714326112
8441-SHIPE,0,0.02249004501872741
3511-BFTJW,0,0.06589910221063988
1428-GTBJJ,0,0.4806649755945894
